538c49bb-ecff-11ed-b452-d41b815c0f82.jpg,[]
54f4c390-ecff-11ed-badf-d41b815c0f82.jpg,[]
568e73fa-ecff-11ed-a30e-d41b815c0f82.jpg,[]
582c98cf-ecff-11ed-9baa-d41b815c0f82.jpg,[]
59c28608-ecff-11ed-b55c-d41b815c0f82.jpg,[]
5bb79bdc-ecff-11ed-8b04-d41b815c0f82.jpg,[]
5d497078-ecff-11ed-9122-d41b815c0f82.jpg,[]
5ecef363-ecff-11ed-9141-d41b815c0f82.jpg,[]
60ac220a-ecff-11ed-b2a2-d41b815c0f82.jpg,[]
6222b8f7-ecff-11ed-b966-d41b815c0f82.jpg,[]
63894a5b-ecff-11ed-a6b5-d41b815c0f82.jpg,[]
64f32634-ecff-11ed-968b-d41b815c0f82.jpg,[]
751826e7-ecff-11ed-9f19-d41b815c0f82.jpg,[]
767b6aa7-ecff-11ed-baa1-d41b815c0f82.jpg,[]
77df7a1a-ecff-11ed-afea-d41b815c0f82.jpg,[]
79449678-ecff-11ed-9e45-d41b815c0f82.jpg,[]
7aa5b0c5-ecff-11ed-abed-d41b815c0f82.jpg,[]
7db83342-ecff-11ed-a0d6-d41b815c0f82.jpg,[]
7f1e5b63-ecff-11ed-901c-d41b815c0f82.jpg,[]
807b82e7-ecff-11ed-b7ee-d41b815c0f82.jpg,[]
81dad525-ecff-11ed-9860-d41b815c0f82.jpg,[]
84c1f4d9-ecff-11ed-bfad-d41b815c0f82.jpg,[]
86338ff6-ecff-11ed-b434-d41b815c0f82.jpg,[]
879e995a-ecff-11ed-9717-d41b815c0f82.jpg,[]
